{
	"format_version": "1.8.0",
	"animations": {
		"animation.pillager.idle": {
			"loop": true,
			"bones": {
				"body": {
					"rotation": ["Math.cos(query.anim_time * 75 +25) * 3.2", "Math.cos(query.anim_time * 150 +25) * .83", "Math.cos(query.anim_time * 35 +25) * .3"]
				},
				"head": {
					"rotation": ["Math.cos(query.anim_time * 75 +25) * -2.2", "Math.cos(query.anim_time * 150 +25) * -.83", "Math.cos(query.anim_time * 35 +25) * -.3"]
				},
				"head2": {
					"position": [0, 0.2, 0]
				},
				"head3": {
					"position": [0, 0.35, 0]
				},
				"left_brow": {
					"rotation": [0, 0, -15]
				},
				"right_brow": {
					"rotation": [0, 0, 15]
				},
				"leftArm": {
					"rotation": [-63.57752, "30.2086+Math.cos(query.anim_time * 80 * 3.1415) * .83", "18.2086+Math.cos(query.anim_time * 80 * 3.1415) * .3"]
				},
				"rightArm": {
					"rotation": ["-79.5242+Math.cos(query.anim_time * 120 * 3.1415) * .83", "-7.423+Math.cos(query.anim_time * 80 * 3.1415) * .83", "-7.2959+Math.cos(query.anim_time * 30 * 3.1415) * .3"],
					"position": [0, 0, -1]
				},
				"rightLeg2": {
					"rotation": [-2.5, 27.5, 0],
					"position": [-1, 0, 0]
				},
				"leftLeg2": {
					"rotation": [2.5, -27.5, 0],
					"position": [1, 0, 0]
				},
				"bow": {
					"rotation": [-76.71341, -39.39624, -56.48285]
				}
			}
		},
		"animation.pillager.walk": {
			"loop": true,
			"animation_length": 0.75,
			"bones": {
				"leftLeg": {
					"rotation": {
						"0.0": ["-28.0962 + -6.75", "26.6221 + -37.35", -5.8081],
						"0.0833": ["-28.0962 + -6.75", "26.6221 + -37.35", -5.8081],
						"0.375": ["19.4038 + -6.75", "26.6221 + -37.35", -5.8081],
						"0.4583": ["19.4038 + -6.75", "26.6221 + -37.35", -5.8081],
						"0.75": ["-28.0962 + -6.75", "26.6221 + -37.35", -5.8081]
					},
					"position": {
						"0.0": [0, 0, -1],
						"0.375": [0, 0, 3],
						"0.4583": [0, 1, 2.5],
						"0.625": [0, 3, 0],
						"0.75": [0, 0, -1]
					}
				},
				"body": {
					"rotation": {
						"0.0": [0.03199, -4.4976, 1.8857],
						"0.3333": [0, 0, -1.5],
						"0.75": [0.03199, -4.4976, 1.8857]
					},
					"position": {
						"0.0": [0, 0, 0],
						"0.1667": [0, 2, 0],
						"0.2083": [0, 1.5, 0],
						"0.3333": [0, 0, 0],
						"0.375": [0, 0.5, 0],
						"0.5": [0, 2, 0],
						"0.5417": [0, 1.5, 0],
						"0.75": [0, 0, 0]
					}
				},
				"beard": {
					"rotation": {
						"0.0": [-7.5, 0, 5],
						"0.375": [7.5, 0, -10],
						"0.75": [-7.5, 0, 5]
					}
				},
				"rightEyebrow": {
					"rotation": {
						"0.0": [0, 0, 0],
						"0.25": [0, 0, 5],
						"0.5": [0, 0, 0]
					}
				},
				"leftEyebrow": {
					"rotation": {
						"0.0": [0, 0, 0],
						"0.25": [0, 0, -5],
						"0.5": [0, 0, 0]
					}
				},
				"rightArm": {
					"rotation": {
						"0.0": [-74.15028, -22.16924, -3.45228],
						"0.25": [-64.15, -22.17, 10.45],
						"0.375": [-56.65, -22.17, 11.45],
						"0.625": [-68.15, -22.17, -3.45],
						"0.75": [-74.15, -22.17, -3.45]
					},
					"position": [1, 0, -2]
				},
				"leftArm": {
					"rotation": {
						"0.0": [-68.78497, 21.74373, 5.79468],
						"0.2917": [-49.785, 21.74373, 15.7947],
						"0.375": [-48.78, 21.74, 16.79],
						"0.6667": [-68.78497, 21.74373, 5.79468]
					},
					"position": [0, 0, 2]
				},
				"rightLeg": {
					"rotation": {
						"0.0": ["12.2475 + 1.5", "-18.8574 + 15", "-3.1648 + 8.2"],
						"0.0833": ["12.2475 + 1.5", "-18.8574 + 1.5", "-3.1648 + 8.2"],
						"0.375": ["-22.7525 + 1.5", "-18.8574 + 1.5", "-3.1648 + 8.2"],
						"0.4583": ["-22.7525 + 1.5", "-18.8574 + 1.5", "-3.1648 + 8.2"],
						"0.75": ["12.2475 + 1.5", "-18.8574 + 1.5", "-3.1648 + 8.2"]
					},
					"position": {
						"0.0": [0, 0, 2],
						"0.2083": [0, 3, 0],
						"0.375": [0, 0, -3],
						"0.4583": [0, 0, -2.5],
						"0.75": [0, 0, 2]
					}
				},
				"necklace": {
					"rotation": {
						"0.0": [0, 0, -10],
						"0.4167": [0, 10, -2.5],
						"0.75": [0, 0, -10]
					}
				},
				"head2": {
					"position": [0, 0.2, 0]
				},
				"head3": {
					"position": [0, 0.35, 0]
				},
				"left_brow": {
					"rotation": [0, 0, -15]
				},
				"right_brow": {
					"rotation": [0, 0, 15]
				},
				"rr": {
					"rotation": [-4.14678, 17.48586, 10.91681]
				},
				"body2": {
					"rotation": [2.5, 20, 0],
					"position": [0, -0.75, 0]
				},
				"head": {
					"rotation": [0, -20, 0]
				},
				"cape": {
					"rotation": ["Math.cos(query.anim_time * 500 +25) * -10 + 35", 0, 0]
				},
				"arms": {
					"scale": 0
				},
				"armourBody": {
					"position": [0, -1, 0]
				},
				"rightLeg2": {
					"rotation": [1.10693, 12.45167, 5.12076]
				}
			}
		},
		"animation.pillager.charge": {
			"loop": true,
			"animation_length": 2.25
		},
		"animation.pillager.charge_will_run": {
			"loop": true,
			"animation_length": 1.5
		},
		"animation.pillager.shot": {
			"loop": true,
			"animation_length": 1
		},
		"animation.pillager.ready_shot": {
			"loop": true,
			"animation_length": 1
		}
	},
	"geckolib_format_version": 2
}