{
	"format_version": "1.8.0",
	"animations": {
		"royal_guard_attack": {
			"animation_length": 1.6,
			"bones": {
				"rightLeg": {
					"rotation": {
						"0.0": [0, 0, 0],
						"0.3333": [12.5, 25, 12.5],
						"0.5": [12.5, 25, 12.5],
						"0.5833": [12.5, 0, 20],
						"0.6667": [-5, -35, -2.5],
						"1.0833": [-5, -35, -2.5],
						"1.25": [0, 0, 0]
					},
					"position": {
						"0.0": [0, 0, 0],
						"0.3333": [0.5, 0, 2],
						"0.5": [0.5, 0, 2],
						"0.5833": [0.5, 3, -4],
						"0.6667": [1, -1, -8.25],
						"1.0833": [1, -1, -8.25],
						"1.1667": [0.5, 2, -4.13],
						"1.25": [0, 0, 0]
					}
				},
				"leftLeg": {
					"rotation": {
						"0.4583": [0, 0, 0],
						"0.625": [77.5, -47.5, -77.5],
						"0.875": [77.5, -47.5, -77.5],
						"1.0": [0, 0, 0]
					},
					"position": {
						"0.4583": [0, 0, 0],
						"0.625": [0, -1, 2.5],
						"0.875": [0, -1, 2.5],
						"0.9583": [0, 1, -0.25],
						"1.0": [0, 0, 0]
					}
				},
				"body": {
					"rotation": {
						"0.0": [0, 0, 0],
						"0.25": [-13.75, 34.38, -6.88],
						"0.5": [-15, 37.5, -7.5],
						"0.5833": [-27.5, 17.5, -7.5],
						"0.6667": [25, -25, -7.5],
						"0.7083": [35, -25, -7.5],
						"0.7917": [42.5, -25, -7.5],
						"0.8333": [42.5, -22.5, -7.5],
						"0.875": [42.5, -20, -7.5],
						"1.0417": [35.36, -16.79, -0.36],
						"1.2083": [18.72, -12.57, -2.72],
						"1.4583": [0, 0, 0]
					},
					"position": {
						"0.5": [0, 0, 0],
						"0.5833": [0, 2, 0],
						"0.6667": [0, -1, -3.5],
						"0.7083": [0, -1, -3.5],
						"0.7917": [0, -1, 0],
						"0.8333": [0, -1, 0],
						"1.0417": [0, -1, -2],
						"1.4583": [0, 0, 0]
					}
				},
				"head": {
					"rotation": {
						"0.0": [0, 0, 0],
						"0.25": [16.13, -34.38, -13.12],
						"0.3333": [21.5, -35, -17.5],
						"0.5": [23, -37.5, -19],
						"0.5833": [40.5, -15, -16.5],
						"0.6667": [-5, 32.5, -2.5],
						"0.7917": [-30, 32.5, -12.5],
						"1.4583": [0, 0, 0]
					}
				},
				"head3": {
					"position": [0, 0.4, 0]
				},
				"left_brow": {
					"rotation": [0, 0, -25],
					"position": [0, -0.4, 0]
				},
				"right_brow": {
					"rotation": [0, 0, 25],
					"position": [0, -0.4, 0]
				},
				"rightArm": {
					"rotation": {
						"0.0": [0, 0, 0],
						"0.125": [9.22165, 14.32061, 21.70135],
						"0.25": [9.22165, 14.32061, 21.70135],
						"0.3333": [9.22165, 14.32061, 21.70135],
						"0.5": [-131.85497, 27.95355, -129.51127],
						"0.5417": [-41.0142, 28.89856, -28.65117],
						"0.6667": [175, -17.5, -30],
						"0.7083": [302.5, -17.5, -30],
						"1.0417": [200, 0, -37.5],
						"1.125": [216, 0, -33.75],
						"1.4583": [360, 0, 0]
					},
					"position": {
						"0.0": [0, 0, 0],
						"0.25": [-0.7, 0, 1],
						"0.5": [-0.7, 0, 1],
						"0.5417": [-0.7, 0, 0.5],
						"0.6667": [-0.7, -1.5, -3],
						"0.7083": [-0.7, -1.5, -3],
						"1.0417": [0, 0, -2],
						"1.4583": [0, 0, 0]
					}
				},
				"leftArm": {
					"rotation": {
						"0.0": [0, 0, 0],
						"0.125": [-20, -10, -5],
						"0.5": [-25, -27.5, -5],
						"0.6667": [-22.5, -45, -5],
						"0.7917": [-22.5, -45, -5],
						"1.4583": [0, 0, 0]
					}
				}
			}
		},
		"royal_guard_idel": {
			"loop": true,
			"bones": {
				"body": {
					"rotation": {
						"vector": ["Math.cos(query.anim_time * 100) * 2", "Math.cos(query.anim_time * 180) * 0.52", 0]
					},
					"position": {
						"vector": [0, "Math.cos(query.anim_time * 100) * 0.15 -0.5", 0]
					}
				},
				"head": {
					"rotation": {
						"vector": ["Math.cos(query.anim_time * 100) * -2", "Math.cos(query.anim_time * 180) * -0.52", 0]
					}
				},
				"head3": {
					"rotation": {
						"vector": ["Math.cos(query.anim_time * 60) * 1.5", 0, 0]
					}
				},
				"rightArm": {
					"rotation": {
						"vector": ["Math.cos(query.anim_time * 150 +25) * 3", 0, 0]
					}
				},
				"leftArm": {
					"rotation": {
						"vector": ["Math.cos(query.anim_time * 20 +25) * 3", 0, 0]
					}
				}
			}
		},
		"royal_guard_walk": {
			"loop": true,
			"animation_length": 0.75,
			"bones": {
				"rightLeg": {
					"rotation": {
						"0.0": {
							"vector": [-2.5, -35, -2.5]
						},
						"0.25": {
							"vector": [0, -35, -2.5]
						},
						"0.4167": {
							"vector": [12.5, -35, -2.5]
						},
						"0.6667": {
							"vector": [-25, -35, -2.5]
						},
						"0.75": {
							"vector": [-2.5, -35, -2.5]
						}
					},
					"position": {
						"0.0": {
							"vector": [1.4, -0.5, -5]
						},
						"0.25": {
							"vector": [1.4, 1, 1]
						},
						"0.4167": {
							"vector": [1.4, 2, -3]
						},
						"0.6667": {
							"vector": [1.4, 5, -6]
						},
						"0.75": {
							"vector": [1.4, -0.5, -5]
						}
					}
				},
				"leftLeg": {
					"rotation": {
						"0.0": {
							"vector": [22.5, 20, 0]
						},
						"0.2917": {
							"vector": [-15, 20, 0]
						},
						"0.3333": {
							"vector": [-15, 20, 0]
						},
						"0.375": {
							"vector": [2.5, 20, 0]
						},
						"0.6667": {
							"vector": [22.5, 20, 0]
						},
						"0.75": {
							"vector": [22.5, 20, 0]
						}
					},
					"position": {
						"0.0": {
							"vector": [-1.2, 2, 1.15]
						},
						"0.3333": {
							"vector": [-1.2, 4.5, -0.85]
						},
						"0.375": {
							"vector": [-1.2, -0.5, -0.85]
						},
						"0.6667": {
							"vector": [-1.2, 1.25, 2.15]
						},
						"0.75": {
							"vector": [-1.2, 2, 1.15]
						}
					}
				},
				"body": {
					"rotation": {
						"0.0": {
							"vector": [2.5, 0, -7.5]
						},
						"0.125": {
							"vector": [15, 0, -5]
						},
						"0.2917": {
							"vector": [0, 0, 0]
						},
						"0.375": {
							"vector": [2.5, 0, 5]
						},
						"0.5": {
							"vector": [7.5, 0, 2.5]
						},
						"0.6667": {
							"vector": [0, 0, 0]
						},
						"0.75": {
							"vector": [2.5, 0, -7.5]
						}
					},
					"position": {
						"0.0": {
							"vector": [0, -1, 0]
						},
						"0.125": {
							"vector": [0, 0.5, -1]
						},
						"0.2917": {
							"vector": [0, 2, -0.5]
						},
						"0.375": {
							"vector": [0, -0.5, -1]
						},
						"0.5": {
							"vector": [0, 0.5, -1]
						},
						"0.6667": {
							"vector": [0, 2, -0.5]
						},
						"0.75": {
							"vector": [0, -1, 0]
						}
					}
				},
				"head": {
					"rotation": {
						"0.0": {
							"vector": [-5, 0, 0]
						},
						"0.0833": {
							"vector": [-13, -2.5, 0]
						},
						"0.125": {
							"vector": [-13, -2.5, 0]
						},
						"0.2917": {
							"vector": [4, 0, 0]
						},
						"0.5": {
							"vector": [-8.5, 0, 0]
						},
						"0.6667": {
							"vector": [4, 0, 0]
						},
						"0.75": {
							"vector": [-5, 0, 0]
						}
					}
				},
				"bone": {
					"rotation": {
						"0.0": {
							"vector": [2.5, 0, 0]
						},
						"0.0833": {
							"vector": [12.5, 0, 0]
						},
						"0.375": {
							"vector": [32.5, 0, 0]
						},
						"0.6667": {
							"vector": [15, 0, 0]
						},
						"0.75": {
							"vector": [2.5, 0, 0]
						}
					}
				}
			}
		},
		"royal_guard_walk_angry": {
			"loop": true,
			"animation_length": 0.75,
			"bones": {
				"rightLeg": {
					"rotation": {
						"0.0": {
							"vector": [-2.5, -35, -2.5]
						},
						"0.25": {
							"vector": [0, -35, -2.5]
						},
						"0.4167": {
							"vector": [12.5, -35, -2.5]
						},
						"0.6667": {
							"vector": [-25, -35, -2.5]
						},
						"0.75": {
							"vector": [-2.5, -35, -2.5]
						}
					},
					"position": {
						"0.0": {
							"vector": [1.4, -0.5, -5]
						},
						"0.25": {
							"vector": [1.4, 1, 1]
						},
						"0.4167": {
							"vector": [1.4, 2, -3]
						},
						"0.6667": {
							"vector": [1.4, 5, -6]
						},
						"0.75": {
							"vector": [1.4, -0.5, -5]
						}
					}
				},
				"leftLeg": {
					"rotation": {
						"0.0": {
							"vector": [22.5, 20, 0]
						},
						"0.2917": {
							"vector": [-15, 20, 0]
						},