{
	"format_version": "1.8.0",
	"animations": {
		"royal_guard_attack": {
			"animation_length": 1.6,
			"bones": {
				"rightLeg": {
					"rotation": {
						"0.0": [0, 0, 0],
						"0.3333": [12.5, 25, 12.5],
						"0.5": [12.5, 25, 12.5],
						"0.5833": [12.5, 0, 20],
						"0.6667": [-5, -35, -2.5],
						"1.0833": [-5, -35, -2.5],
						"1.25": [0, 0, 0]
					},
					"position": {
						"0.0": [0, 0, 0],
						"0.3333": [0.5, 0, 2],
						"0.5": [0.5, 0, 2],
						"0.5833": [0.5, 3, -4],
						"0.6667": [1, -1, -8.25],
						"1.0833": [1, -1, -8.25],
						"1.1667": [0.5, 2, -4.13],
						"1.25": [0, 0, 0]
					}
				},
				"leftLeg": {
					"rotation": {
						"0.4583": [0, 0, 0],
						"0.625": [77.5, -47.5, -77.5],
						"0.875": [77.5, -47.5, -77.5],
						"1.0": [0, 0, 0]
					},
					"position": {
						"0.4583": [0, 0, 0],
						"0.625": [0, -1, 2.5],
						"0.875": [0, -1, 2.5],
						"0.9583": [0, 1, -0.25],
						"1.0": [0, 0, 0]
					}
				},
				"body": {
					"rotation": {
						"0.0": [0, 0, 0],
						"0.25": [-13.75, 34.38, -6.88],
						"0.5": [-15, 37.5, -7.5],
						"0.5833": [-27.5, 17.5, -7.5],
						"0.6667": [25, -25, -7.5],
						"0.7083": [35, -25, -7.5],
						"0.7917": [42.5, -25, -7.5],
						"0.8333": [42.5, -22.5, -7.5],
						"0.875": [42.5, -20, -7.5],
						"1.0417": [35.36, -16.79, -0.36],
						"1.2083": [18.72, -12.57, -2.72],
						"1.4583": [0, 0, 0]
					},
					"position": {
						"0.5": [0, 0, 0],
						"0.5833": [0, 2, 0],
						"0.6667": [0, -1, -3.5],
						"0.7083": [0, -1, -3.5],
						"0.7917": [0, -1, 0],
						"0.8333": [0, -1, 0],
						"1.0417": [0, -1, -2],
						"1.4583": [0, 0, 0]
					}
				},
				"head": {
					"rotation": {
						"0.0": [0, 0, 0],
						"0.25": [16.13, -34.38, -13.12],
						"0.3333": [21.5, -35, -17.5],
						"0.5": [23, -37.5, -19],
						"0.5833": [40.5, -15, -16.5],
						"0.6667": [-5, 32.5, -2.5],
						"0.7917": [-30, 32.5, -12.5],
						"1.4583": [0, 0, 0]
					}
				},
				"head3": {
					"position": [0, 0.4, 0]
				},
				"left_brow": {
					"rotation": [0, 0, -25],
					"position": [0, -0.4, 0]
				},
				"right_brow": {
					"rotation": [0, 0, 25],
					"position": [0, -0.4, 0]
				},
				"rightArm": {
					"rotation": {
						"0.0": [0, 0, 0],
						"0.2083": [-12.5, 0, 0],
						"0.25": [-12.5, 1, 0],
						"0.2917": [-12.5, 0, 0],
						"0.5": [0, 0, 0],
						"0.5833": [-158.00209, -10.98274, -101.93352],
						"0.6667": [-32.77156, -31.42915, -22.76171],
						"1.0": [-31.76922, -29.66827, -20.72354],
						"1.5833": [0, 0, 0]
					},
					"position": {
						"0.0": [0, 0, 0],
						"0.5": [0, 0, 0],
						"1.0": [0, 0, 0]
					}
				},
				"leftArm": {
					"rotation": {
						"0.0": [0, 0, 0],
						"0.125": [-20, -10, -5],
						"0.5": [-25, -27.5, -5],
						"0.6667": [-22.5, -45, -5],
						"0.7917": [-22.5, -45, -5],
						"1.4583": [0, 0, 0]
					}
				},
				"mace": {
					"rotation": {
						"0.2917": [0, 0, 0],
						"0.6667": [-25, 0, 0],
						"1.0": [-25, 0, 0],
						"1.1667": [0, 0, 0]
					},
					"position": {
						"0.2917": [0, 0, 0],
						"0.6667": [0, -2, 0],
						"1.0": [0, -2, 0],
						"1.1667": [0, 0, 0]
					}
				},
				"body2": {
					"rotation": [0, 20, 0]
				},
				"head5": {
					"rotation": [0, -20, 0]
				},
				"leftArm2": {
					"rotation": [-29.97178, 0.65182, -17.54256]
				},
				"rightArm2": {
					"rotation": [0, 42.5, 12.5]
				},
				"rightLeg2": {
					"rotation": [8.69285, 19.63156, 4.68942],
					"position": [0, 0, 0]
				},
				"leftLeg2": {
					"rotation": [-5.63535, 7.03631, -5.01882],
					"position": [1, 0, 0]
				},
				"shield": {
					"rotation": [-26.43309, 48.81639, 39.51822],
					"position": [3, -1, -1]
				},
				"armourBody": {
					"scale": [1, 1, 1.45]
				},
				"armourHead": {
					"scale": 1.1
				},
				"armourLeftArm": {
					"scale": 1.25
				},
				"armourRightArm": {
					"scale": 1.25
				}
			}
		},
		"royal_guard_idel": {
			"loop": true,
			"bones": {
				"body": {
					"rotation": ["Math.cos(query.anim_time * 100) * 2", "Math.cos(query.anim_time * 180) * 0.52", 0],
					"position": [0, "Math.cos(query.anim_time * 100) * 0.15 -0.5", 0]
				},
				"head": {
					"rotation": ["Math.cos(query.anim_time * 100) * -2", "Math.cos(query.anim_time * 180) * -0.52", 0]
				},
				"head3": {
					"rotation": ["Math.cos(query.anim_time * 60) * 1.5", 0, 0]
				},
				"rightArm": {
					"rotation": ["Math.cos(query.anim_time * 150 +25) * 3", 0, 0]
				},
				"leftArm": {
					"rotation": ["Math.cos(query.anim_time * 20 +25) * 3", 0, 0]
				},
				"body2": {
					"rotation": [0, 20, 0]
				},
				"head5": {
					"rotation": [0, -20, 0]
				},
				"leftArm2": {
					"rotation": [-29.97178, 0.65182, -17.54256]
				},
				"rightArm2": {
					"rotation": [0, 42.5, 12.5]
				},
				"rightLeg2": {
					"rotation": [8.69285, 19.63156, 4.68942],
					"position": [0, 0, 0]
				},
				"leftLeg2": {
					"rotation": [-5.63535, 7.03631, -5.01882],
					"position": [1, 0, 0]
				},
				"shield": {
					"rotation": [-18.8416, 57.04643, 49.00007],
					"position": [2, -1, -1]
				},
				"armourBody": {
					"scale": [1, 1, 1.45]
				},
				"armourHead": {
					"scale": 1.1
				},
				"armourLeftArm": {
					"scale": 1.25
				},
				"armourRightArm": {
					"scale": 1.25
				}
			}
		},
		"royal_guard_walk": {
			"loop": true,
			"animation_length": 0.75,
			"bones": {
				"rightLeg": {
					"rotation": {
						"0.0": [-2.5, -35, -2.5],
						"0.25": [0, -35, -2.5],
						"0.4167": [12.5, -35, -2.5],
						"0.6667": [-25, -35, -2.5],
						"0.75": [-2.5, -35, -2.5]
					},
					"position": {
						"0.0": [1.4, -0.5, -5],
						"0.25": [1.4, 1, 1],
						"0.4167": [1.4, 2, -3],
						"0.6667": [1.4, 5, -6],
						"0.75": [1.4, -0.5, -5]
					}
				},
				"leftLeg": {
					"rotation": {
						"0.0": [22.5, 20, 0],
						"0.2917": [-15, 20, 0],
						"0.3333": [-15, 20, 0],
						"0.375": [2.5, 20, 0],
						"0.6667": [22.5, 20, 0],
						"0.75": [22.5, 20, 0]
					},
					"position": {
						"0.0": [-1.2, 2, 1.15],
						"0.3333": [-4.2, 4.5, -2.85],
						"0.375": [-4.2, -0.5, -4.85],
						"0.6667": [-1.2, 1.25, 2.15],
						"0.75": [-1.2, 2, 1.15]
					}
				},
				"body": {
					"rotation": {
						"0.0": [2.5, 0, -7.5],
						"0.125": [15, 0, -5],
						"0.2917": [0, 0, 0],
						"0.375": [2.5, 0, 5],
						"0.5": [7.5, 0, 2.5],
						"0.6667": [0, 0, 0],
						"0.75": [2.5, 0, -7.5]
					},
					"position": {
						"0.0": [0, -1, 0],
						"0.125": [0, 0.5, -1],
						"0.2917": [0, 2, -0.5],
						"0.375": [0, -0.5, -1],
						"0.5": [0, 0.5, -1],
						"0.6667": [0, 2, -0.5],
						"0.75": [0, -1, 0]
					}
				},
				"head": {
					"rotation": {
						"0.0": [-5, 0, 0],
						"0.0833": [-13, -2.5, 0],
						"0.125": [-13, -2.5, 0],
						"0.2917": [4, 0, 0],
						"0.5": [-8.5, 0, 0],
						"0.6667": [4, 0, 0],
						"0.75": [-5, 0, 0]
					}
				},
				"bone": {
					"rotation": {
						"0.0": [2.5, 0, 0],
						"0.0833": [12.5, 0, 0],
						"0.375": [32.5, 0, 0],
						"0.6667": [15, 0, 0],
						"0.75": [2.5, 0, 0]
					}
				},
				"body2": {
					"rotation": [0, 20, 0]
				},
				"head5": {
					"rotation": [0, -20, 0]
				},
				"leftArm2": {
					"rotation": [-29.97178, 0.65182, -17.54256]
				},
				"rightArm2": {
					"rotation": [0, 42.5, 12.5]
				},
				"rightLeg2": {
					"rotation": [-4.18273, 39.8173, 3.48457],
					"position": {
						"0.0": [-1, 0, 0],
						"0.2917": [-4, 0, 0],
						"0.3333": [-3.5, 0, 0],
						"0.6667": [-1, 0, 0]
					}
				},
				"leftLeg2": {
					"rotation": [2.1819, -29.97539, -9.8183],
					"position": [2, 0, 0]
				},
				"shield": {
					"rotation": [-18.8416, 57.04643, 49.00007],
					"position": [2, -1, -1]
				},
				"armourBody": {
					"scale": [1, 1, 1.45]
				},
				"armourHead": {
					"scale": 1.1
				},
				"armourLeftArm": {
					"scale": 1.25
				},
				"armourRightArm": {
					"scale": 1.25
				}
			}
		},