{
	"format_version": "1.8.0",
	"animations": {
		"royal_guard_attack": {
			"animation_length": 1.6,
			"bones": {
				"rightLeg": {
					"rotation": {
						"0.0": [0, 0, 0],
						"0.3333": [12.5, 25, 12.5],
						"0.5": [12.5, 25, 12.5],
						"0.5833": [12.5, 0, 20],
						"0.6667": [-5, -35, -2.5],
						"1.0833": [-5, -35, -2.5],
						"1.25": [0, 0, 0]
					},
					"position": {
						"0.0": [0, 0, 0],
						"0.3333": [0.5, 0, 2],
						"0.5": [0.5, 0, 2],
						"0.5833": [0.5, 3, -4],
						"0.6667": [1, -1, -4.25],
						"1.0833": [1, -1, -4.25],
						"1.1667": [0.5, 2, -4.13],
						"1.25": [0, 0, 0]
					}
				},
				"leftLeg": {
					"rotation": {
						"0.4583": [0, 0, 0],
						"0.625": [77.5, -47.5, -77.5],
						"0.875": [77.5, -47.5, -77.5],
						"1.0": [0, 0, 0]
					},
					"position": {
						"0.4583": [0, 0, 0],
						"0.625": [0, -1, 2.5],
						"0.875": [0, -1, 2.5],
						"0.9583": [0, 1, -0.25],
						"1.0": [0, 0, 0]
					}
				},
				"body": {
					"rotation": {
						"0.0": [0, 0, 0],
						"0.25": [-13.75, 34.38, -6.88],
						"0.5": [-15, 37.5, -7.5],
						"0.5833": [-27.5, 17.5, -7.5],
						"0.6667": [25, -25, -7.5],
						"0.7083": [35, -25, -7.5],
						"0.7917": [38.79236, -19.30298, -1.37204],
						"0.8333": [39.10632, -16.81686, -1.54336],
						"0.875": [39.40382, -14.33001, -1.69471],
						"1.0417": [35.36, -16.79, -0.36],
						"1.2083": [18.72, -12.57, -2.72],
						"1.4583": [0, 0, 0]
					},
					"position": {
						"0.5": [0, 0, 0],
						"0.5833": [0, 2, 0],
						"0.6667": [0, -1, -3.5],
						"0.7083": [0, -1, -3.5],
						"0.7917": [0, -1, 0],
						"0.8333": [0, -1, 0],
						"1.0417": [0, -1, -2],
						"1.4583": [0, 0, 0]
					}
				},
				"head": {
					"rotation": {
						"0.0": [0, 0, 0],
						"0.25": [16.13, -34.38, -13.12],
						"0.3333": [21.5, -35, -17.5],
						"0.5": [23, -37.5, -19],
						"0.5833": [40.5, -15, -16.5],
						"0.6667": [-5, 32.5, -2.5],
						"0.7917": [-30, 32.5, -12.5],
						"1.4583": [0, 0, 0]
					}
				},
				"head3": {
					"position": [0, 0.4, 0]
				},
				"left_brow": {
					"rotation": [0, 0, -25],
					"position": [0, -0.4, 0]
				},
				"right_brow": {
					"rotation": [0, 0, 25],
					"position": [0, -0.4, 0]
				},
				"rightArm": {
					"rotation": {
						"0.0": [0, 0, 0],
						"0.2917": [-144.33177, 19.08848, -123.45681],
						"0.375": [-144.33, 19.09, -124.46],
						"0.5": [-144.33177, 19.08848, -123.45681],
						"0.5833": [-20.72278, -33.92474, 29.83385],
						"0.625": [-26.42329, -41.03446, -8.30384],
						"0.7083": [0, -39.87, 0],
						"1.25": [-4.46672, -16.39545, 10.10785],
						"1.375": [-4.46672, -16.39545, 10.10785],
						"1.5833": [0, 0, 0]
					},
					"position": {
						"0.0": [0, 0, 0],
						"0.5": [0, 0, 0],
						"0.7083": [-1, -2, -3],
						"1.5": [0, 0, 0]
					}
				},
				"leftArm": {
					"rotation": {
						"0.0": [0, 0, 0],
						"0.125": [-20, -10, -5],
						"0.5": [-25, -27.5, -5],
						"0.6667": [-22.5, -45, -5],
						"0.7917": [-22.5, -45, -5],
						"1.4583": [0, 0, 0]
					}
				},
				"cape": {
					"rotation": {
						"0.5": [0, 0, 0],
						"0.875": [20, 0, 0],
						"1.2917": [0, 0, 0]
					}
				}
			}
		},
		"royal_guard_attack_2": {
			"animation_length": 1.6,
			"bones": {
				"rightLeg": {
					"rotation": {
						"0.0": [0, 0, 0],
						"0.3333": [12.5, 25, 12.5],
						"0.5": [12.5, 25, 12.5],
						"0.5833": [12.5, 0, 20],
						"0.6667": [-5, -35, -2.5],
						"1.0833": [-5, -35, -2.5],
						"1.25": [0, 0, 0]
					},
					"position": {
						"0.0": [0, 0, 0],
						"0.3333": [0.5, 0, 2],
						"0.5": [0.5, 0, 2],
						"0.5833": [0.5, 3, -4],
						"0.6667": [1, -1, -4.25],
						"1.0833": [1, -1, -5.25],
						"1.1667": [0.5, 2, -4.13],
						"1.25": [0, 0, 0]
					}
				},
				"leftLeg": {
					"rotation": {
						"0.3333": [0, 0, 0],
						"0.5": [77.5, -47.5, -77.5],
						"0.875": [77.5, -47.5, -77.5],
						"1.0": [0, 0, 0]
					},
					"position": {
						"0.3333": [0, 0, 0],
						"0.5833": [0, -1, 2.5],
						"0.875": [0, -1, 2.5],
						"0.9583": [0, 1, -0.25],
						"1.0417": [0, 0, 0]
					}
				},
				"body": {
					"rotation": {
						"0.0": [0, 0, 0],
						"0.25": [0, 40, 0],
						"0.5": [0, 35, 0],
						"0.75": [35.97834, -7.64375, -2.51892],
						"0.9583": [22.5, 0, 0],
						"1.375": [0, 0, 0]
					},
					"position": {
						"0.25": [0, 0, 0],
						"0.75": [0, 0, -1],
						"1.0": [0, 0, -1],
						"1.1667": [0, 0, 0]
					}
				},
				"head": {
					"rotation": {
						"0.0": [0, 0, 0],
						"0.25": [1.87686, -14.31769, -20.24332],
						"0.5": [3.96713, -29.47751, -15.50409],
						"0.75": [-35.38071, -12.67842, -18.84548],
						"0.875": [-22.5, 0, 0],
						"1.2083": [0, 0, 0]
					}
				},
				"head3": {
					"position": [0, 0.4, 0]
				},
				"left_brow": {
					"rotation": [0, 0, -25],
					"position": [0, -0.4, 0]
				},
				"right_brow": {
					"rotation": [0, 0, 25],
					"position": [0, -0.4, 0]
				},
				"rightArm": {
					"rotation": {
						"0.0": [0, 0, 0],
						"0.25": [44.95487, -9.32613, 32.10355],
						"0.375": [37.83817, -15.51047, 25.6895],
						"0.5": [39.72735, -18.01467, 24.90172],
						"0.5417": [-21.43239, -34.40667, -0.85536],
						"0.625": [-41.81771, -45.41841, 7.22156],
						"1.0": [-29.52048, -35.80425, -8.31044],
						"1.5": [0, 0, 0]
					},
					"position": {
						"0.5": [0, 0, 0],
						"0.5833": [0, 1, -3],
						"1.2083": [0, 0, 0]
					}
				},
				"leftArm": {
					"rotation": {
						"0.0": [0, 0, 0],
						"0.4167": [0, -27.5, 0],
						"1.0": [0, -27.5, 0],
						"1.125": [0, 0, 0]
					}
				},
				"rightItem": {
					"rotation": {
						"0.5": [0, 0, 0],
						"0.75": [25, 0, 0],
						"1.2083": [0, 0, 0]
					},
					"position": {
						"0.0": [0, 0, 0],
						"0.5": [0, 0, 0],
						"0.75": [4, 0, -5],
						"1.2083": [0, 0, 0]
					}
				}
			}
		},
		"royal_guard_idel": {
			"loop": true,
			"bones": {
				"body": {
					"rotation": ["Math.cos(query.anim_time * 100) * 2", "Math.cos(query.anim_time * 180) * 0.52", 0],
					"position": [0, "Math.cos(query.anim_time * 100) * 0.15 -0.5", 0]
				},
				"head": {
					"rotation": ["Math.cos(query.anim_time * 100) * -2", "Math.cos(query.anim_time * 180) * -0.52", 0]
				},
				"head3": {
					"rotation": ["Math.cos(query.anim_time * 60) * 1.5", 0, 0]
				},
				"rightArm": {
					"rotation": ["Math.cos(query.anim_time * 150 +25) * 3", 0, 0]
				},
				"leftArm": {
					"rotation": ["Math.cos(query.anim_time * 20 +25) * 3", 0, 0]
				},
				"cape": {
					"rotation": ["Math.tan(query.anim_time * 60) * 8", 0, 0]
				}
			}
		},
		"royal_guard_walk": {
			"loop": true,
			"animation_length": 0.75,
			"bones": {
				"rightLeg": {
					"rotation": {
						"0.0": [-2.5, -35, -2.5],
						"0.25": [0, -35, -2.5],
						"0.4167": [12.5, -35, -2.5],
						"0.6667": [-25, -35, -2.5],
						"0.75": [-2.5, -35, -2.5]
					},
					"position": {
						"0.0": [-0.6, -0.5, -5],
						"0.25": [-0.6, 1, 1],
						"0.4167": [-0.4, 2, -3],
						"0.6667": [-0.4, 5, -6],
						"0.75": [-0.4, -0.5, -5]
					}
				},
				"leftLeg": {
					"rotation": {
						"0.0": [22.5, 20, 0],
						"0.2917": [-15, 20, 0],
						"0.3333": [-15, 20, 0],
						"0.375": [2.5, 20, 0],
						"0.6667": [22.5, 20, 0],
						"0.75": [22.5, 20, 0]
					},
					"position": {
						"0.0": [-1.2, 2, 1.15],
						"0.3333": [-1.2, 4.5, -0.85],
						"0.375": [-1.2, -0.5, -0.85],
						"0.6667": [-1.2, 1.25, 2.15],
						"0.75": [-1.2, 2, 1.15]
					}
				},
				"body": {
					"rotation": {
						"0.0": [2.5, 0, -7.5],
						"0.125": [15, 0, -5],
						"0.2917": [0, 0, 0],
						"0.375": [2.5, 0, 5],
						"0.5": [7.5, 0, 2.5],
						"0.6667": [0, 0, 0],
						"0.75": [2.5, 0, -7.5]
					},
					"position": {
						"0.0": [0, -1, 0],
						"0.125": [0, 1.5, -1],
						"0.2917": [0, 2, -0.5],
						"0.375": [0, -0.5, -1],
						"0.5": [0, 1.5, -1],
						"0.6667": [0, 2, -0.5],
						"0.75": [0, -1, 0]
					}
				},