{
	"format_version": "1.8.0",
	"animations": {
		"vindicator_walk": {
			"loop": true,
			"animation_length": 0.75,
			"bones": {
				"leftLeg": {
					"rotation": {
						"0.0": [-28.09616, 26.62208, 5.80812],
						"0.0833": [-28.0962, 26.62208, 5.80812],
						"0.375": [19.40384, 26.62208, 5.80812],
						"0.4583": [19.40384, 26.62208, 5.80812],
						"0.75": [-28.0962, 26.62208, 5.80812]
					},
					"position": {
						"0.0": [0, 0, -1],
						"0.0833": [0, 0, -1.5],
						"0.375": [0, 0, 3],
						"0.4583": [0, 1, 2.5],
						"0.625": [0, 3, 0],
						"0.75": [0, 0, -1]
					}
				},
				"body": {
					"rotation": {
						"0.0": [0.03199, -4.4976, 1.3857],
						"0.0417": [0.03199, -5.4976, 1.8857],
						"0.3333": [0, 0, -1.5],
						"0.7083": [0.03199, -5.4976, 1.3857],
						"0.75": [0.03199, -4.4976, 1.8857]
					},
					"position": {
						"0.0": [0, 0, 0],
						"0.0417": [0, 0.5, 0],
						"0.1667": [0, 2, 0],
						"0.2083": [0, 1.5, 0],
						"0.3333": [0, 0, 0],
						"0.375": [0, 0.5, 0],
						"0.5": [0, 2, 0],
						"0.5417": [0, 1.5, 0],
						"0.7083": [0, 0.5, 0],
						"0.75": [0, 0, 0]
					}
				},
				"beard": {
					"rotation": {
						"0.0": [-7.5, 0, 5],
						"0.375": [7.5, 0, -10],
						"0.75": [-7.5, 0, 5]
					}
				},
				"rightEyebrow": {
					"rotation": {
						"0.0": [0, 0, 0],
						"0.25": [0, 0, 5],
						"0.5": [0, 0, 0]
					}
				},
				"leftEyebrow": {
					"rotation": {
						"0.0": [0, 0, 0],
						"0.25": [0, 0, -5],
						"0.5": [0, 0, 0]
					}
				},
				"rightArm": {
					"rotation": {
						"0.0": [10, 90, 0],
						"0.375": [15, 90, 0],
						"0.75": [10, 90, 0]
					},
					"position": [0, 0, 0]
				},
				"leftArm": {
					"rotation": {
						"0.0": [5, 0, -7.5],
						"0.0417": [5, 0, -6],
						"0.375": [-45, 0, 0],
						"0.7083": [5, 0, -6.5],
						"0.75": [5, 0, -7.5]
					},
					"position": {
						"0.0": [0, 0, 1],
						"0.0417": [0, 0, 1],
						"0.3333": [0, 1, -1],
						"0.4167": [0, 0.5, -0.5],
						"0.7083": [0, 0, 0.5],
						"0.75": [0, 0, 1]
					}
				},
				"rightLeg": {
					"rotation": {
						"0.0": [12.24749, -18.85735, -3.1648],
						"0.0833": [12.24749, -18.85735, -3.1648],
						"0.375": [-22.75251, -18.85735, -3.1648],
						"0.4583": [-22.75251, -18.85735, -3.1648],
						"0.75": [12.24749, -18.85735, -3.1648]
					},
					"position": {
						"0.0": [0, 0, 2],
						"0.0833": [0, 1, 1.5],
						"0.2083": [0, 3, 0],
						"0.375": [0, 0, -3],
						"0.4583": [0, 0, -2.5],
						"0.75": [0, 0, 2]
					}
				},
				"necklace": {
					"rotation": {
						"0.0": [0, 0, -10],
						"0.4167": [0, 10, -2.5],
						"0.75": [0, 0, -10]
					}
				},
				"head2": {
					"position": [0, 0.2, 0]
				},
				"head3": {
					"position": [0, 0.35, 0]
				},
				"left_brow": {
					"rotation": [0, 0, -15]
				},
				"right_brow": {
					"rotation": [0, 0, 15]
				},
				"rr": {
					"rotation": [-4.14678, 17.48586, 10.91681]
				}
			}
		},
		"vindicator.run": {
			"loop": true,
			"animation_length": 0.4167,
			"bones": {
				"rightLeg": {
					"rotation": {
						"0.0": [32.5, -25, -2.5],
						"0.0417": [35, -25, -17],
						"0.1667": [-32.5, -25, -5],
						"0.4167": [32.5, -25, -2.5]
					},
					"position": {
						"0.0": [0, 0, 0.8],
						"0.0417": [0, 1, 1.3],
						"0.125": [-0.71, 1, 0.5],
						"0.1667": [-0.8, -1, -0.1],
						"0.4167": [0, 0, 0.8]
					}
				},
				"leftLeg": {
					"rotation": {
						"0.0": [-22.5, 38, 0],
						"0.0417": [-12.5, 38, -2.5],
						"0.2083": [42.5, 38, 2.5],
						"0.4167": [-22.5, 38, 0]
					},
					"position": {
						"0.0": [-1, 0, 1],
						"0.0417": [-1, 0, 0.3],
						"0.2083": [-0.4, 0.6, 0.3],
						"0.3333": [-0.82, 1.5, 0.79],
						"0.4167": [-1, 0, 1]
					}
				},
				"body": {
					"rotation": {
						"0.0": [11, 22.5, -1],
						"0.0833": [11, 35, -1],
						"0.2083": [12, 40, -1],
						"0.2917": [12, 28.75, -1],
						"0.4167": [11, 22.5, -1]
					},
					"position": {
						"0.0": [0, 0, -1],
						"0.0833": [0, 2, -1],
						"0.2083": [0, 0, -1],
						"0.2917": [0, 2, -1],
						"0.4167": [0, 0, -1]
					}
				},
				"rightArm": {
					"rotation": {
						"0.0": [-20, -32.5, 170],
						"0.2083": [-11.90215, -37.43191, 160.12742],
						"0.4167": [-20, -32.5, 170]
					},
					"position": [-3, 1, 0.7]
				},
				"leftArm": {
					"rotation": {
						"0.0": [-45.08294, 2.05592, -11.42248],
						"0.0417": [-45.0829, 2.05592, -11.42248],
						"0.2083": [-35.0829, 2.05592, -11.42248],
						"0.25": [-35.0829, 2.05592, -11.42248],
						"0.4167": [-45.0829, 2.05592, -11.42248]
					}
				},
				"head": {
					"rotation": {
						"0.0": [-6, -30, -0.5],
						"0.2083": [-7, -35, -0.5],
						"0.4167": [-6, -30, -0.5]
					}
				},
				"lefteyebrow": {
					"rotation": [0, 0, -5],
					"position": [-0.35, 0.1, 0]
				},
				"righteyebrow": {
					"rotation": [0, 0, 7.5],
					"position": [0.15, 0.1, 0]
				},
				"head3": {
					"position": [0, 0.35, 0]
				},
				"left_brow": {
					"rotation": [0, 0, -20]
				},
				"right_brow": {
					"rotation": [0, 0, 20]
				},
				"head2": {
					"position": [0, 0.15, 0]
				},
				"axe": {
					"rotation": [138.00678, -32.53874, 48.64641]
				},
				"rr": {
					"rotation": [-151.51653, 80.49671, 231.57315]
				}
			}
		},
		"vindicator_attack": {
			"loop": "hold_on_last_frame",
			"animation_length": 1,
			"bones": {
				"body": {
					"rotation": {
						"0.0": [6.5, 0, 0],
						"0.375": [-11.38373, 60, -2.09028],
						"0.6667": [-24.17285, 89.35382, -12.72167],
						"0.75": [20, -40, 0],
						"0.8333": [35, -68, 0],
						"1.0": [0, 0, 0]
					}
				},
				"head": {
					"rotation": {
						"0.0": [0, 0, 0],
						"0.4167": [0, -56.88, 0],
						"0.6667": [9.49052, -64.413, -13.94821],
						"0.7917": [12.22502, 20.39945, 12.28816],
						"1.0": [0, 0, 0]
					}
				},
				"beard": {
					"rotation": {
						"0.0": [0, 0, 0],
						"0.4167": [-12.5, 0, 0],
						"0.6667": [0, 0, 0]
					}
				},
				"rightEyebrow": {
					"rotation": {
						"0.0": [0, 0, 0],
						"0.2917": [0, 0, 12.5],
						"0.5": [0, 0, 12.5],
						"0.6667": [0, 0, 0]
					}
				},
				"leftEyebrow": {
					"rotation": {
						"0.0": [0, 0, 0],
						"0.2917": [0, 0, -12.5],
						"0.5": [0, 0, -12.5],
						"0.6667": [0, 0, 0]
					}
				},
				"leftArm": {
					"rotation": {
						"0.0": [-5, 0, 0],
						"0.2917": [-48.73499, -9.93191, -14.48174],
						"0.375": [-48.73499, -9.93191, -14.48174],
						"0.625": [-75.80208, -17.98066, -25.48571],
						"0.75": [-5, 0, 0]
					}
				},
				"rightArm": {
					"rotation": {
						"0.0": [0, 0, 0],
						"0.2083": [0, 12.5, 21.42857],
						"0.375": [0, 12.5, 21.42857],
						"0.6667": [0, 0, 50],
						"0.7083": [-25, 0, 75],
						"0.75": [-40.28872, -17.67415, -40.8475],
						"0.7917": [-60.95831, -0.59973, -51.39382],
						"0.9583": [0, 0, 20]
					}
				},
				"rightLeg": {
					"rotation": {
						"0.0": [0, 10, 2.5],
						"0.2917": [0, 25, 2.5],
						"0.7083": [0, 35, 5],
						"0.8333": [-12.0898, 6.09717, -9.55278],
						"0.875": [12.0898, 6.09717, -9.55278],
						"0.9583": [0, 0, 0]
					},
					"position": {
						"0.2083": [0, 0, 0],
						"0.5417": [1, 0, 2],
						"0.6667": [1, 0, 2],
						"0.75": [1, 3, -4],
						"0.8333": [2, 0, -4],
						"0.875": [2, 1, -4],
						"0.9583": [0, 0, 0]
					}
				},
				"leftLeg": {
					"rotation": [-2.5, -10, -2.5]
				},
				"head3": {
					"position": {
						"0.0": [0, 0.35, 0],
						"0.7083": [0, 0.35, 0]
					}
				},
				"left_brow": {
					"rotation": [0, 0, -12.5]
				},
				"right_brow": {
					"rotation": [0, 0, 12.5]
				},
				"axe": {
					"rotation": {
						"0.0": [0, 0, 0],
						"0.5": [-78.99885, -75.85645, -34.3888],
						"0.6667": [-78.99885, -75.85645, -34.3888],
						"0.9167": [-61.09527, -29.27954, -129.76856],
						"0.9583": [0, 0, 0]
					}
				},
				"head4": {
					"position": {
						"0.6667": [0, 0, 0],
						"0.75": [0, -1.5, 0],