{
	"format_version": "1.8.0",
	"animations": {
		"zombie.idel": {
			"loop": true,
			"bones": {
				"body": {
					"rotation": ["Math.cos(query.anim_time * 37.5 +25) * 1.5", "Math.cos(query.anim_time * 75 +25) * -1.5", "Math.cos(query.anim_time * 112.5+25) * 1.5"],
					"position": ["Math.cos(query.anim_time * 37.5 +25) * 0.5", "Math.cos(query.anim_time * 37.5 +25) * -0.25", 0]
				},
				"rightArm": {
					"rotation": ["Math.cos(query.anim_time * 75 +25) * 3.5", 0, "Math.cos(query.anim_time * 112.5 +25) * 3.5 + 12.5"]
				},
				"leftArm": {
					"rotation": ["Math.cos(query.anim_time * 32.5 +25) * 3.5", 0, "Math.cos(query.anim_time * 75 +25) * -3.5 - 12.5"]
				}
			}
		},
		"zombie_walk": {
			"loop": true,
			"animation_length": 0.75,
			"bones": {
				"leftLeg": {
					"rotation": {
						"0.0": [-28.09616, 0, 0],
						"0.375": [19.40384, 0, 0],
						"0.4583": [19.40384, 0, 0],
						"0.75": [-28.0962, 0, 0]
					},
					"position": {
						"0.0": [0, 0, -1],
						"0.0833": [0, 0, -1.5],
						"0.375": [0, 0, 3],
						"0.4583": [0, 1, 2.5],
						"0.625": [0, 3, 0],
						"0.75": [0, 0, -1]
					}
				},
				"body": {
					"rotation": {
						"0.0": [0.03199, -4.4976, 1.3857],
						"0.0417": [0.03199, -5.4976, 1.8857],
						"0.25": [0, 0, -1.5],
						"0.4583": [0.03199, -5.4976, -1.8857],
						"0.7083": [0.03199, -5.4976, 1.3857],
						"0.75": [0.03199, -4.4976, 1.3857]
					},
					"position": {
						"0.0": [0, 0, 0],
						"0.0417": [0, 0.5, 0],
						"0.1667": [0, 2, 0],
						"0.2083": [0, 1.5, 0],
						"0.3333": [0, 0, 0],
						"0.375": [0, 0.5, 0],
						"0.5": [0, 2, 0],
						"0.5417": [0, 1.5, 0],
						"0.7083": [0, 0.5, 0],
						"0.75": [0, 0, 0]
					}
				},
				"beard": {
					"rotation": {
						"0.0": [-7.5, 0, 5],
						"0.375": [7.5, 0, -10],
						"0.75": [-7.5, 0, 5]
					}
				},
				"rightEyebrow": {
					"rotation": {
						"0.0": [0, 0, 0],
						"0.25": [0, 0, 5],
						"0.5": [0, 0, 0]
					}
				},
				"leftEyebrow": {
					"rotation": {
						"0.0": [0, 0, 0],
						"0.25": [0, 0, -5],
						"0.5": [0, 0, 0]
					}
				},
				"rightArm": {
					"rotation": {
						"0.0": [-80, 0, 7.5],
						"0.0417": [-75, 0, 7],
						"0.375": [-65, 0, 0],
						"0.6667": [-75, 0, 7],
						"0.75": [-80, 0, 7.5]
					},
					"position": [0, 0, 0]
				},
				"leftArm": {
					"rotation": {
						"0.0": [-80, 0, -7.5],
						"0.375": [-65, 0, 0],
						"0.6667": [-75, 0, -7],
						"0.75": [-80, 0, -7.5]
					}
				},
				"rightLeg": {
					"rotation": {
						"0.0": [12.24749, 0, 0],
						"0.375": [-22.75251, 0, 0],
						"0.4583": [-22.75251, 0, 0],
						"0.75": [12.24749, 0, 0]
					},
					"position": {
						"0.0": [0, 0, 2],
						"0.0833": [0, 1, 1.5],
						"0.2083": [0, 3, 0],
						"0.375": [0, 0, -3],
						"0.4583": [0, 0, -2.5],
						"0.75": [0, 0, 2]
					}
				},
				"necklace": {
					"rotation": {
						"0.0": [0, 0, -10],
						"0.4167": [0, 10, -2.5],
						"0.75": [0, 0, -10]
					}
				},
				"head2": {
					"position": [0, 0.2, 0]
				},
				"head3": {
					"position": [0, 0.35, 0]
				},
				"left_brow": {
					"rotation": [0, 0, -15]
				},
				"right_brow": {
					"rotation": [0, 0, 15]
				},
				"rr": {
					"rotation": [-4.14678, 17.48586, 10.91681]
				},
				"head": {
					"rotation": [-27.5, 0, 0]
				}
			}
		},
		"animation.zombie.attack": {
			"loop": "hold_on_last_frame",
			"animation_length": 1.25,
			"bones": {
				"body": {
					"rotation": {
						"0.0": [0, 0, 0],
						"0.5": [-34.2541, -9.99099, 10.62701],
						"0.6667": [-34.25, -9.99, 10.63],
						"0.75": [0, 0, 0],
						"0.8333": [34.25, 9.99, -10.63],
						"1.0": [34.25, 9.99, -10.63],
						"1.25": [0, 0, 0]
					},
					"position": {
						"0.6667": [0, 0, 0],
						"0.8333": [0, 0, -2],
						"1.0": [0, 0, -2],
						"1.1667": [0, 0, 0]
					}
				},
				"rightArm": {
					"rotation": {
						"0.0": [0, 0, 0],
						"0.5": [-189.3569, -7.13136, -10.29284],
						"0.7083": [-189.36, -7.13, -10.29],
						"0.7917": [-64.36, -7.13, -10.29],
						"0.875": [-29.36, -7.13, -10.29],
						"1.0": [-29.36, -7.13, -10.29],
						"1.1667": [0, 0, 0]
					}
				},
				"leftArm": {
					"rotation": {
						"0.0": [0, 0, 0],
						"0.5": [-189.3569, 7.1314, 10.2928],
						"0.7083": [-189.36, 7.13, 10.29],
						"0.7917": [-64.36, 7.13, 10.29],
						"0.875": [-29.36, 7.13, 10.29],
						"1.0": [-29.36, 7.13, 10.29],
						"1.1667": [0, 0, 0]
					}
				},
				"head": {
					"rotation": {
						"0.0": [0, 0, 0],
						"0.6667": [-35.49008, -11.53486, 4.8493],
						"0.8333": [20, 0, 0],
						"1.0": [20, 0, 0],
						"1.1667": [0, 0, 0]
					}
				},
				"rightLeg": {
					"rotation": {
						"0.0": [0, 0, 0],
						"0.5": [4.51746, -14.5761, -6.72421],
						"0.7917": [4.52, -14.58, -6.72],
						"1.25": [0, 0, 0]
					},
					"position": {
						"0.2083": [0, 0, 0],
						"0.5417": [1, 0, 0],
						"0.8333": [0, 0, -1],
						"1.0": [0, 0, -1],
						"1.25": [0, 0, 0]
					}
				},
				"leftLeg": {
					"rotation": [0, 0, 0],
					"position": {
						"0.6667": [0, 0, 0],
						"0.7917": [0, 1, -2],
						"1.0": [0, 0, -2],
						"1.125": [0, 0, 0]
					}
				},
				"sword": {
					"rotation": {
						"0.0": [0, 0, 0],
						"0.5": [0, 0, 0],
						"0.6667": [0, 0, 0],
						"0.75": [0, -30, 0],
						"0.8333": [0, -42.5, 0],
						"1.0": [0, -42.5, 0],
						"1.0833": [0, 0, 0]
					}
				},
				"head2": {
					"position": [0, 0.2, 0]
				},
				"head3": {
					"position": [0, 0.35, 0]
				}
			}
		},
		"animation.zombie.r": {
			"loop": "hold_on_last_frame",
			"animation_length": 1.25,
			"bones": {
				"body": {
					"rotation": {
						"0.0": [0, 0, 0],
						"0.5": [-31.16581, -24.65247, 4.00342],
						"0.6667": [-31.17, -24.65, 4],
						"0.75": [-22.41243, 2.16821, -2.26937],
						"0.8333": [-20.13686, 17.11125, -3.59818],
						"1.0": [-20.14, 17.11, -3.6],
						"1.1667": [0, 0, 0]
					},
					"position": {
						"0.6667": [0, 0, 0],
						"0.8333": [0, 0, -2],
						"1.0": [0, 0, -2],
						"1.1667": [0, 0, 0]
					}
				},
				"rightArm": {
					"rotation": {
						"0.0": [0, 0, 0],
						"0.5": [-72.5, 0, 0],
						"0.6667": [-72.5, 0, 0],
						"0.75": [-72.97532, 19.82169, -2.71994],
						"1.0": [-72.98, 19.82, -2.72],
						"1.1667": [0, 0, 0]
					}
				},
				"leftArm": {
					"rotation": {
						"0.0": [0, 0, 0],
						"0.5": [-188.51814, 9.18229, 46.81472],
						"0.7083": [-188.51814, 9.18229, 46.81472],
						"0.7917": [-79.27, 4.25, 19.56],
						"0.875": [-51.77, 4.25, 19.56],
						"1.0417": [-51.77, 4.25, 19.56],
						"1.2083": [0, 0, 0]
					}
				},
				"head": {
					"rotation": {
						"0.0": [0, 0, 0],
						"0.6667": [0, 0, 0],
						"0.875": [0, -13.5, 0],
						"1.0": [0, -12.5, 0],
						"1.2083": [0, 0, 0]
					}
				},
				"rightLeg": {
					"rotation": {
						"0.0": [0, 0, 0],
						"0.5": [4.51746, -14.5761, -6.72421],
						"0.7083": [4.52, -14.58, -6.72],
						"1.0": [0, 0, 0]
					},
					"position": [0, 0, 0]
				},
				"leftLeg": {
					"rotation": [0, 0, 0]
				}
			}
		},
		"zombie.hurt": {
			"animation_length": 0.75,
			"bones": {
				"body": {
					"rotation": {
						"0.0": [0, 0, 0],
						"0.1667": [-10, 0, 0],
						"0.3333": [-12.54256, -0.65182, 7.47178],
						"0.5": [-12.51893, -0.43523, 4.98107],
						"0.75": [0, 0, 0]
					}
				},
				"rightArm": {
					"rotation": {
						"0.0": [0, 0, 0],
						"0.1667": [-10, 0, 0],
						"0.3333": [-12.5, 0, 0],
						"0.5": [-12.5, 0, 0],
						"0.75": [0, 0, 0]
					}
				},
				"leftArm": {
					"rotation": {
						"0.0": [0, 0, 0],
						"0.1667": [-10, 0, 0],
						"0.3333": [-12.5, 0, 0],
						"0.5": [-12.5, 0, 0],
						"0.75": [0, 0, 0]
					}
				},
				"head": {
					"rotation": {
						"0.0": [0, 0, 0],
						"0.1667": [-6, 0, 0],
						"0.3333": [-8.5, 0, 0],
						"0.5": [-8.5, 0, 0],
						"0.75": [0, 0, 0]
					}
				},
				"head3": {
					"position": {
						"0.0": [0, 0, 0],
						"0.1667": [0, 0, 0],